chr	start	end	patient_7	patient_70	patient_71	patient_72	patient_73	patient_74	patient_75	patient_76	patient_77	patient_78	patient_79	patient_8	patient_80	patient_81	patient_82	patient_83	patient_84	patient_85	patient_86	patient_87
chr14	24751136	24751137	0	0	0	0	0	0	0	0	0	0	0	0	0	0	0	0	0	0	0	0
chr14	24751151	24751152	1	0	0	0	0	0	0	0	0	0	0	0	0	0	0	0	0	0	0	0
chr14	24751232	24751233	0	0	0	0	0	0	0	0	0	0	0	0	0	0	0	0	0	0	0	0
chr14	24752130	24752131	6	4	2	2	12	0	11	0	2	4	9	2	6	3	2	3	2	4	16	4
chr14	24752533	24752534	0	0	0	0	0	0	0	0	0	0	0	0	0	1	0	0	0	0	0	0
chr14	24752565	24752566	0	0	0	0	0	0	0	0	0	0	0	0	0	0	0	0	0	0	0	0
chr14	24754992	24754993	12	10	7	12	19	10	13	7	12	12	12	17	13	18	11	10	3	9	4	8
chr14	24755055	24755056	0	0	0	0	0	0	0	0	0	0	0	0	0	0	0	0	0	0	0	0
chr14	24755067	24755068	0	0	0	0	0	0	0	0	0	0	0	0	0	0	0	0	0	0	0	0
chr14	24755899	24755900	1	0	0	0	0	0	0	0	0	0	0	0	0	0	0	0	0	0	0	0
chr14	24755923	24755924	0	0	1	0	0	0	1	0	0	0	0	0	0	0	1	1	0	0	0	0
chr14	24755988	24755989	1	0	0	1	0	0	0	0	0	2	2	0	2	1	1	0	0	0	0	1
chr14	24756019	24756020	0	0	1	0	1	0	0	0	0	0	0	0	0	0	0	0	0	0	0	1
chr14	24756033	24756034	0	0	1	0	1	0	0	0	0	0	0	0	0	0	0	0	0	0	0	0
chr14	24756040	24756041	0	0	1	0	1	0	0	0	0	0	0	0	0	0	0	0	0	0	0	0
chr14	24756044	24756045	0	0	1	0	1	0	0	0	0	0	0	0	0	0	0	0	0	0	0	0
chr14	24756049	24756050	0	0	1	0	1	0	0	0	0	0	0	0	0	0	0	0	0	0	0	0
chr14	24756091	24756092	2	0	0	1	0	0	0	0	0	2	2	0	2	1	1	0	0	0	0	2
chr14	24756093	24756094	2	0	0	1	0	0	0	0	0	2	2	0	1	0	1	0	0	0	0	2
chr14	24756156	24756157	33	22	18	29	31	30	37	44	26	58	23	14	24	28	16	20	27	28	28	30
chr14	24756188	24756189	0	0	0	0	0	0	0	0	0	0	0	0	0	0	0	0	0	0	0	0
chr14	24756198	24756199	6	9	12	5	4	7	13	0	4	7	3	3	4	13	2	3	9	10	7	8
chr14	24756220	24756221	7	12	12	11	5	6	14	1	4	9	5	3	4	17	3	5	6	14	7	13
chr14	24756244	24756245	0	0	0	0	0	0	0	0	0	0	0	0	0	0	1	1	0	0	0	0
chr14	24756386	24756387	3	11	4	8	3	1	7	1	0	2	2	1	2	9	1	1	6	7	2	9
chr14	24757658	24757659	0	0	0	0	0	0	0	0	1	0	0	0	0	0	0	0	0	0	0	0
chr14	24757680	24757681	0	0	0	0	0	0	0	0	2	0	0	0	0	0	0	0	0	0	0	0
chr14	24757789	24757790	0	0	0	0	0	0	0	0	1	0	0	0	0	0	0	0	0	1	0	1
chr14	24757802	24757803	0	0	0	0	0	0	0	0	2	0	0	0	0	0	0	0	0	1	0	1
chr14	24757833	24757834	0	0	0	0	1	0	0	0	1	1	0	1	0	0	0	0	0	1	1	0
chr14	24757843	24757844	0	0	0	0	0	0	0	0	0	1	0	1	0	0	0	0	0	1	1	0
chr14	24757845	24757846	1	0	0	0	1	1	0	0	0	0	0	0	0	1	0	0	0	0	0	0
chr14	24758307	24758308	8	10	5	15	11	7	16	17	11	8	6	11	9	21	15	4	9	12	16	7
chr14	24758327	24758328	1	0	0	0	1	0	0	0	0	1	0	1	0	0	0	0	0	0	1	1
chr14	24758331	24758332	1	0	0	0	1	0	1	0	0	1	0	1	0	0	0	0	0	0	1	1
chr14	24758339	24758340	1	0	0	0	0	0	0	0	0	0	0	1	0	0	0	1	0	0	0	0
chr14	24758378	24758379	1	0	0	0	0	0	0	0	0	0	0	0	0	0	0	0	0	0	0	1
chr14	24758439	24758440	1	0	0	0	0	0	0	0	0	0	0	0	0	0	0	0	0	0	0	0
chr14	24762650	24762651	0	0	0	0	1	0	0	0	0	0	0	0	0	0	0	0	0	0	0	0
chr14	24762672	24762673	0	0	0	0	0	0	0	0	0	0	0	0	0	0	0	0	0	0	0	0
chr14	24763611	24763612	0	0	0	0	0	0	0	0	0	0	0	0	0	0	0	0	0	0	0	0
chr14	24763622	24763623	1	0	0	0	0	0	0	0	0	0	0	0	0	0	0	0	0	0	0	0
chr14	24763655	24763656	0	0	0	0	0	0	0	0	0	0	0	0	0	0	0	1	0	0	0	0
chr14	24763687	24763688	0	0	0	0	0	0	0	1	0	0	0	0	0	0	0	0	0	0	0	0
chr14	24763709	24763710	0	0	0	0	0	0	0	2	0	0	0	0	0	0	0	0	0	0	0	0
chr14	24765660	24765661	0	1	0	0	0	0	0	0	2	0	0	0	0	0	0	0	0	0	0	0
chr14	24765663	24765664	0	1	0	0	0	0	0	0	1	0	0	0	0	0	0	0	0	0	0	0
chr14	24765792	24765793	0	0	0	0	0	0	0	0	0	0	0	0	0	0	0	0	0	0	0	0
chr14	24767932	24767933	0	0	0	0	0	0	0	0	2	0	0	0	0	0	0	0	0	0	0	0
chr14	24768016	24768017	0	0	0	0	0	0	0	0	2	0	0	0	0	0	0	0	0	0	0	0
chr14	24768674	24768675	0	0	0	0	0	0	0	0	0	0	0	0	0	0	0	1	0	0	0	0
chr14	24768696	24768697	1	0	0	0	0	0	0	0	0	0	0	0	0	0	0	0	0	0	0	0
chr14	24768711	24768712	0	0	0	0	0	0	0	0	0	0	0	0	0	0	0	0	0	0	0	0
chr14	24768720	24768721	0	0	0	0	0	0	0	0	0	0	0	0	0	0	0	0	0	0	0	0
chr14	24768725	24768726	0	0	0	0	0	0	0	0	0	0	0	0	0	0	0	0	0	0	0	0
chr14	24768735	24768736	0	0	0	0	0	0	0	0	0	0	0	0	0	0	0	0	0	0	0	0
chr14	24768737	24768738	0	0	0	0	0	0	0	0	0	0	0	0	0	0	0	0	0	0	0	0
chr14	24768769	24768770	0	0	0	0	0	0	0	0	0	0	0	0	0	0	0	0	0	0	0	0
chr14	24768773	24768774	0	0	0	0	0	0	0	0	0	0	0	0	0	0	0	0	1	0	0	0
chr14	24768797	24768798	0	0	0	0	0	0	0	0	0	0	0	0	0	0	0	0	0	0	0	0
chr14	24768803	24768804	0	0	0	0	0	0	0	0	0	0	0	0	0	0	0	0	0	0	0	0
chr14	24768822	24768823	0	0	0	0	0	0	0	0	0	1	0	0	2	0	0	0	0	0	0	0
chr14	24768830	24768831	0	0	0	0	0	0	0	0	0	0	0	0	0	0	0	0	0	0	0	0
chr14	24768849	24768850	0	0	0	0	0	0	0	0	0	0	0	0	0	0	0	0	0	0	0	0
chr14	24768863	24768864	4	9	4	5	3	4	8	8	6	3	11	10	6	7	1	7	6	2	10	8
chr14	24768866	24768867	0	0	0	0	0	0	1	1	0	1	0	0	0	0	0	0	0	0	0	0
chr14	24768869	24768870	0	0	0	0	0	0	0	0	0	0	0	0	0	0	0	0	0	0	0	0
chr14	24768909	24768910	5	8	6	8	8	6	15	11	8	4	5	6	9	10	4	9	15	1	5	14
chr14	24768914	24768915	0	0	0	0	0	0	0	0	1	0	0	0	0	0	0	0	0	0	0	0
chr14	24768966	24768967	0	0	0	0	0	0	0	0	0	0	0	0	0	0	0	0	0	0	0	0
chr14	24768976	24768977	0	0	0	0	0	0	0	0	0	0	0	0	0	0	0	0	0	0	0	0
chr14	24768981	24768982	0	0	0	0	0	0	0	0	0	0	0	0	0	0	0	0	0	0	0	0
chr14	24769004	24769005	0	0	1	0	0	0	0	0	0	0	0	0	0	0	0	0	0	0	0	0
chr14	24769017	24769018	0	0	0	0	0	0	0	0	0	0	0	0	0	1	0	0	0	0	0	0
chr14	24769020	24769021	0	0	0	0	0	0	0	0	0	0	0	0	0	0	1	0	0	0	0	0
chr14	24769022	24769023	0	0	0	0	0	0	0	0	0	0	0	0	0	0	0	0	0	0	0	0
chr14	24769033	24769034	0	0	0	0	0	0	0	0	0	0	0	0	1	0	0	0	0	0	0	0
chr14	24769044	24769045	2	0	0	0	0	0	0	0	0	1	0	0	1	0	0	0	0	0	0	0
chr14	24769053	24769054	0	0	0	0	0	0	0	0	0	0	0	0	0	0	0	0	0	0	0	0
chr14	24769055	24769056	0	0	0	0	0	0	0	0	0	0	0	0	0	0	0	0	0	0	0	0
chr14	24769059	24769060	0	0	0	0	0	0	0	0	0	0	0	0	0	0	0	0	0	0	0	0
chr14	24769061	24769062	0	0	0	0	0	0	0	0	0	0	0	0	0	0	0	0	0	0	0	0
chr14	24769098	24769099	0	0	0	0	0	0	0	0	0	0	0	0	0	1	0	0	0	0	0	0
chr14	24769101	24769102	0	0	0	0	0	1	0	0	0	0	0	0	0	0	0	0	1	0	0	0
chr14	24769104	24769105	0	0	0	0	0	0	0	0	0	0	0	0	0	0	1	1	0	0	0	0
chr14	24769112	24769113	0	0	1	1	1	0	0	0	0	0	0	1	0	0	0	0	0	0	0	0
chr14	24769116	24769117	0	0	0	0	0	0	0	1	0	0	1	0	0	0	0	0	0	0	0	0
chr14	24769149	24769150	0	0	0	0	0	0	0	0	0	0	0	0	0	0	0	0	0	0	0	0
chr14	24769151	24769152	0	0	0	0	0	0	0	1	0	0	0	0	0	0	0	0	0	0	0	0
chr14	24769174	24769175	0	0	0	0	1	0	0	0	0	0	0	0	0	0	1	0	0	0	0	1
chr14	24769176	24769177	0	0	1	1	0	0	1	0	0	0	0	0	0	0	0	0	0	0	0	0
chr14	24769197	24769198	0	0	0	0	0	0	0	0	0	0	0	0	0	0	0	0	0	0	0	0
chr14	24769221	24769222	0	0	0	0	0	0	0	0	0	0	0	0	0	0	0	0	0	0	0	0
chr14	24769227	24769228	0	0	0	0	0	0	0	1	0	0	0	0	0	0	0	0	1	0	0	0
chr14	24769229	24769230	0	0	0	0	0	0	0	0	0	0	0	0	0	0	0	0	0	0	0	0
chr14	24769243	24769244	0	0	0	0	0	0	0	0	0	0	0	0	0	0	0	0	0	0	1	0
chr14	24769248	24769249	0	0	0	0	0	0	0	0	0	0	0	0	0	0	0	0	0	0	1	0
chr14	24769263	24769264	0	0	0	0	0	0	0	0	0	0	0	0	0	0	0	0	0	0	0	0
chr14	24769269	24769270	0	0	0	0	1	0	1	0	0	1	0	0	0	0	0	0	0	0	0	0
chr14	24769282	24769283	0	0	0	0	0	0	0	1	0	0	0	0	0	0	0	0	0	0	2	0
chr14	24769296	24769297	0	0	0	0	0	0	0	0	0	0	0	0	0	0	0	0	0	0	0	0
chr14	24769300	24769301	0	0	0	0	0	0	0	0	0	0	0	0	0	0	0	0	0	0	0	0
chr14	24769306	24769307	0	0	0	0	0	0	0	0	0	0	0	0	0	0	0	0	0	0	0	0
chr14	24769318	24769319	0	0	0	0	0	0	0	0	0	0	0	0	0	0	0	0	0	0	0	0
chr14	24769324	24769325	0	0	0	0	0	0	0	0	0	0	0	0	0	0	0	0	0	0	0	0
chr14	24769522	24769523	0	0	0	0	0	0	0	0	0	0	0	0	0	0	0	0	0	0	0	0
chr14	24769529	24769530	0	0	0	0	0	0	0	0	0	0	0	0	0	0	0	0	0	0	0	0
chr14	24775825	24775826	1	2	0	1	0	0	0	0	4	0	0	0	0	0	0	0	0	2	4	0
chr14	24776556	24776557	0	1	0	0	0	0	0	0	3	0	0	0	0	0	0	0	0	0	0	0
chr14	24776596	24776597	0	1	0	0	0	0	0	0	3	0	0	0	0	0	0	0	0	0	0	0
chr14	24776629	24776630	0	0	0	0	1	0	0	0	0	0	0	1	0	0	0	0	2	0	1	0
chr14	24776647	24776648	1	1	1	6	4	0	1	0	0	1	1	2	1	1	0	0	2	0	1	0
chr14	24776656	24776657	1	1	1	7	5	0	1	0	0	1	1	0	1	1	0	0	2	0	1	0
chr14	24777422	24777423	0	0	0	0	0	0	0	0	0	0	0	0	0	0	0	0	0	0	0	0
chr14	24779926	24779927	0	0	0	0	0	0	0	0	0	0	0	0	0	0	0	0	0	0	0	0
chr14	24779928	24779929	0	0	0	0	0	0	0	0	0	0	0	0	0	0	0	0	0	0	0	0
chr14	24779959	24779960	0	0	0	0	0	0	0	0	0	0	0	0	0	0	0	0	0	0	0	0
chr14	24779962	24779963	0	0	0	0	0	0	0	0	0	0	0	0	0	0	0	0	0	0	0	0
chr14	24780040	24780041	0	0	0	0	0	0	0	0	0	0	0	0	0	0	0	0	0	0	0	0
chr14	24780046	24780047	0	0	0	0	0	0	0	0	0	0	0	0	0	0	0	0	0	0	0	0
chr14	24780064	24780065	0	0	0	0	0	0	0	0	0	0	0	0	0	0	0	0	0	0	0	0
chr14	24780071	24780072	0	0	0	0	0	0	0	0	0	0	0	0	0	0	0	0	0	0	0	0
chr14	24780074	24780075	0	0	0	0	0	0	0	0	0	0	0	0	0	0	0	0	0	0	0	0
chr14	24780077	24780078	0	0	0	0	0	0	0	0	0	0	0	0	0	0	0	0	0	0	0	0
chr14	24780079	24780080	0	0	0	0	0	0	0	0	0	0	0	0	0	0	0	0	0	0	0	0
chr14	24780094	24780095	0	0	0	0	0	0	0	0	0	0	0	0	0	0	0	0	0	0	0	0
chr14	24780097	24780098	0	0	0	0	0	0	0	0	0	0	0	0	0	0	0	0	0	0	0	0
chr14	24780133	24780134	0	0	0	14	2	0	1	0	1	1	0	0	1	2	2	3	0	0	0	1
chr14	24780145	24780146	0	0	1	11	1	0	1	0	1	2	0	0	0	2	3	3	0	0	0	0
chr14	24780157	24780158	0	0	1	12	1	0	2	0	1	2	0	0	1	2	2	3	0	0	0	0
chr14	24780167	24780168	0	0	1	11	1	0	1	1	1	2	0	0	1	2	1	3	0	0	0	0
chr14	24780173	24780174	2	0	1	12	1	0	1	0	1	2	0	0	1	2	2	3	0	0	0	0
chr14	24780175	24780176	0	0	1	11	1	0	1	0	1	2	0	0	1	2	2	3	0	0	1	0
chr14	24780188	24780189	0	0	1	12	1	0	1	0	1	2	0	1	1	2	2	3	0	0	0	0
chr14	24780194	24780195	0	0	1	11	1	0	1	0	1	1	0	0	1	2	3	3	0	0	0	0
chr14	24780225	24780226	0	0	2	10	0	0	1	0	0	2	0	0	0	3	0	1	1	0	0	0
chr14	24780233	24780234	0	0	2	10	0	0	1	0	0	2	0	0	0	3	0	1	1	0	1	0
chr14	24780243	24780244	0	1	2	12	1	0	1	0	0	2	2	0	0	2	0	1	1	0	0	0
chr14	24780256	24780257	0	3	2	10	0	0	2	0	0	2	0	0	0	5	0	0	1	0	1	1
chr14	24780261	24780262	0	0	0	10	0	0	0	0	0	2	0	0	0	1	0	0	1	0	0	0
chr14	24780267	24780268	0	0	0	6	0	0	2	0	0	0	0	0	0	1	0	0	0	0	0	1
chr14	24780285	24780286	2	0	0	20	1	0	1	0	1	1	0	1	1	4	0	1	4	0	0	0
chr14	24780288	24780289	2	0	1	23	0	0	1	0	0	1	0	0	1	5	0	1	4	0	1	0
chr14	24780301	24780302	2	0	1	22	0	0	1	0	1	1	0	0	1	5	0	2	3	0	1	0
chr14	24780314	24780315	1	1	0	20	0	0	1	0	0	1	0	1	1	5	0	2	3	0	1	0
chr14	24780326	24780327	2	0	0	7	0	1	0	0	0	0	0	0	1	2	1	1	0	0	1	0
chr14	24780329	24780330	2	0	0	7	1	0	0	0	0	0	0	0	1	2	0	1	0	0	1	0
chr14	24780338	24780339	1	0	1	6	0	0	0	2	0	0	0	0	0	0	3	0	0	0	0	0
chr14	24780341	24780342	1	0	1	6	2	0	0	2	0	0	0	0	0	0	3	0	0	0	0	1
chr14	24780348	24780349	1	0	1	11	5	0	2	2	0	1	0	0	1	1	4	0	0	1	0	0
chr14	24780366	24780367	1	0	1	12	4	0	1	2	0	1	1	0	1	1	4	0	0	0	0	0
chr14	24780368	24780369	1	0	1	13	4	0	1	0	1	1	1	0	1	1	4	0	0	0	0	0
chr14	24780388	24780389	0	0	0	7	2	0	1	0	0	1	0	0	1	1	1	0	0	0	0	0
chr14	24780391	24780392	0	0	0	5	2	0	0	0	0	0	0	0	0	0	1	0	0	0	0	0
chr14	24780401	24780402	0	0	0	0	0	0	0	0	0	0	0	0	0	2	1	0	1	0	0	0
chr14	24780404	24780405	0	1	0	1	1	1	0	3	0	1	0	0	0	2	3	0	1	0	0	0
chr14	24780407	24780408	2	1	0	5	1	0	0	2	0	1	0	0	0	3	3	1	4	0	1	0
chr14	24780434	24780435	0	1	0	4	1	0	0	2	0	2	0	0	1	3	2	1	4	0	0	1
chr14	24780440	24780441	0	1	0	5	0	0	0	0	0	1	0	0	0	1	2	1	5	0	0	0
chr14	24780452	24780453	0	0	0	0	0	0	0	0	0	0	0	0	0	0	0	0	0	0	0	0
chr14	24780476	24780477	0	1	1	5	2	1	0	2	0	1	0	0	1	3	3	1	3	0	0	0
chr14	24780481	24780482	0	1	0	6	1	0	0	2	0	0	0	0	1	3	3	2	3	0	0	0
chr14	24780489	24780490	0	1	0	6	1	0	1	2	0	1	0	0	1	3	3	1	3	0	0	0
chr14	24780495	24780496	0	1	0	5	1	0	1	2	0	3	1	0	0	3	3	0	4	0	0	0
chr14	24780500	24780501	0	1	0	4	1	0	1	2	0	4	2	0	1	3	4	5	3	0	0	0
chr14	24780504	24780505	0	1	0	6	1	0	1	3	0	3	1	0	1	3	3	2	1	0	0	0
chr14	24780519	24780520	0	0	0	0	0	0	1	0	0	0	0	0	0	0	0	1	0	0	0	0
chr14	24780524	24780525	0	0	0	0	0	0	1	0	0	0	0	0	0	0	0	0	0	0	0	0
chr14	24780529	24780530	1	0	0	0	0	0	1	0	0	0	0	0	0	1	0	0	0	0	0	0
chr14	24780531	24780532	1	0	0	0	0	0	0	0	0	0	0	0	0	1	0	0	0	0	0	0
chr14	24780540	24780541	1	0	0	0	1	0	1	0	0	0	0	0	0	1	0	0	0	0	0	0
chr14	24780551	24780552	6	1	0	16	2	3	5	0	0	6	3	0	2	4	3	1	1	1	3	0
chr14	24780557	24780558	5	1	0	16	0	3	1	0	0	4	2	0	0	3	2	0	1	1	2	1
chr14	24780569	24780570	4	1	0	17	1	1	3	0	0	4	1	0	2	3	2	1	1	1	3	0
chr14	24780593	24780594	3	0	0	13	1	3	3	0	0	1	1	0	0	3	1	2	1	0	2	0
chr14	24780613	24780614	4	1	0	16	1	3	6	0	0	3	2	0	2	4	3	2	1	1	3	1
chr14	24780617	24780618	5	2	1	16	1	1	4	0	0	6	2	0	2	4	4	2	1	1	3	0
chr14	24780622	24780623	6	2	0	16	1	3	3	0	0	3	2	0	2	4	3	2	1	1	2	1
chr14	24780649	24780650	0	0	0	0	0	0	0	0	0	0	0	0	0	0	0	1	0	0	0	0
chr14	24780659	24780660	0	0	0	0	0	0	0	0	0	0	0	0	0	0	0	1	0	0	0	0
chr14	24780665	24780666	0	0	0	0	0	0	0	0	0	0	0	0	0	0	0	1	0	0	0	0
chr14	24780673	24780674	3	2	2	8	0	3	2	0	1	1	0	2	2	3	3	3	0	0	1	2
chr14	24780676	24780677	4	1	6	17	0	4	3	2	1	4	0	1	1	15	4	3	0	1	1	3
chr14	24780678	24780679	4	1	8	18	0	6	5	1	2	5	0	3	2	16	5	3	0	1	1	3
chr14	24780682	24780683	6	2	6	22	0	7	5	2	2	3	0	3	4	16	5	2	0	1	1	4
chr14	24780691	24780692	4	1	6	19	0	6	5	1	2	2	0	3	1	16	4	3	0	1	1	3
chr14	24780716	24780717	1	0	4	15	0	2	3	1	1	2	0	0	2	9	2	1	0	1	0	2
chr14	24780724	24780725	0	0	1	1	0	3	0	3	2	0	1	0	3	0	2	0	0	0	2	0
chr14	24780734	24780735	0	0	0	2	0	1	0	1	0	0	0	0	0	0	1	0	0	0	0	0
chr14	24780743	24780744	0	0	0	2	0	1	0	1	0	0	0	0	0	0	1	0	0	0	0	0
chr14	24780762	24780763	0	0	0	0	0	0	1	0	0	0	0	0	0	0	0	0	0	0	0	0
chr14	24780774	24780775	2	1	0	12	0	0	2	5	2	2	2	2	0	6	6	5	1	0	1	0
chr14	24780784	24780785	6	5	2	12	0	1	3	0	0	2	1	0	0	3	6	3	2	2	1	0
chr14	24780786	24780787	5	2	4	11	0	3	6	5	5	4	2	2	0	8	7	3	1	2	3	1
chr14	24780794	24780795	6	8	6	10	0	1	7	7	6	2	2	2	1	7	8	2	1	2	3	1
chr14	24780852	24780853	0	0	0	0	0	0	0	0	1	0	0	0	0	0	0	0	0	0	0	0
chr14	24780888	24780889	17	17	10	13	7	5	11	10	9	12	6	16	8	17	19	10	7	11	10	18
chr14	24780890	24780891	17	12	10	13	8	9	13	10	9	13	3	13	8	18	17	10	13	10	9	14
chr14	24784940	24784941	0	0	0	0	0	0	0	0	0	0	0	0	2	0	0	0	0	0	0	0
chr14	24785005	24785006	0	2	0	0	4	0	0	0	1	0	0	3	0	0	1	1	0	0	1	1
chr14	24785218	24785219	2	2	3	2	7	10	0	1	0	2	3	1	3	1	1	1	0	2	5	1
chr14	24785242	24785243	3	3	3	3	6	7	0	1	1	1	3	4	3	3	0	2	0	2	1	2
chr14	24785252	24785253	1	1	0	0	4	2	0	0	1	0	0	4	0	2	1	1	0	0	1	2
chr14	24785263	24785264	4	1	3	1	5	7	3	2	6	5	1	1	3	5	4	4	4	2	2	4
chr14	24785345	24785346	5	2	3	5	7	9	6	6	6	7	5	7	8	12	5	7	8	6	3	9
chr14	24785366	24785367	13	8	4	21	21	10	10	9	11	15	9	16	15	19	9	12	11	14	12	15
chr14	24785368	24785369	13	10	4	19	23	9	13	9	13	17	10	16	13	23	10	13	12	14	10	18
chr14	24785379	24785380	11	7	3	16	18	6	8	10	9	11	9	12	9	17	8	8	12	15	8	13
chr14	24785409	24785410	21	21	15	14	21	21	32	21	13	23	30	26	35	28	21	20	32	30	23	22
chr14	24785420	24785421	23	22	14	18	20	23	31	21	10	25	29	28	40	26	22	21	36	30	24	25
chr14	24785462	24785463	20	16	14	15	18	23	27	21	8	25	29	25	31	30	16	19	33	30	22	20
chr14	24785473	24785474	22	19	15	19	19	20	33	25	15	24	29	26	37	30	23	21	31	29	25	24
chr14	24785476	24785477	21	19	15	17	21	16	29	25	15	24	28	20	36	28	21	22	33	32	20	25
chr14	24785488	24785489	0	1	0	0	1	0	0	1	4	0	0	0	1	0	2	2	0	1	0	0
chr14	24785491	24785492	0	1	0	1	0	0	1	1	5	0	0	0	1	0	2	2	0	1	0	0
chr14	24785497	24785498	1	1	1	1	1	0	1	1	5	0	0	2	1	0	4	2	0	1	0	0
chr14	24785500	24785501	1	1	1	0	1	0	1	1	8	0	0	2	1	0	4	3	0	1	0	0
chr14	24785506	24785507	1	0	1	0	0	0	1	0	4	0	0	2	0	0	2	3	0	1	0	0
chr14	24785509	24785510	1	0	1	0	0	0	1	0	4	0	0	2	0	0	2	3	0	1	0	0
chr14	24785514	24785515	1	0	1	0	0	0	1	0	4	0	0	2	0	0	2	1	0	0	0	0
chr14	24785518	24785519	15	5	11	10	10	10	11	6	10	10	7	11	12	12	12	11	8	9	6	4
chr14	24785547	24785548	21	17	18	27	19	16	21	14	24	15	15	19	18	16	12	18	15	16	15	11
chr14	24785550	24785551	22	17	18	25	18	16	21	17	23	16	18	20	21	17	13	24	17	16	17	11
chr14	24785571	24785572	15	4	10	11	9	9	14	7	18	6	5	13	13	6	7	5	5	7	6	10
chr14	24785591	24785592	24	18	19	25	17	15	22	17	29	14	15	23	23	17	15	25	16	17	17	11
chr14	24785596	24785597	22	16	18	24	14	13	22	15	30	16	18	19	23	14	13	25	16	17	16	11
chr14	24785598	24785599	13	12	11	16	13	13	17	13	22	13	16	19	15	12	12	23	13	11	14	9
chr14	24785600	24785601	9	15	10	16	13	12	16	8	21	10	17	16	9	11	10	23	12	11	14	8
chr14	24785607	24785608	5	12	5	8	9	6	7	8	7	8	11	9	3	9	10	13	8	7	8	5
chr14	24785616	24785617	2	3	0	2	0	1	1	1	3	2	5	2	0	2	0	5	3	1	4	0
chr14	24785619	24785620	0	0	0	0	0	0	0	0	0	0	0	0	0	0	0	0	1	0	0	0
chr14	24785631	24785632	19	21	23	19	15	14	22	13	9	17	17	18	20	27	14	21	28	16	12	17
chr14	24785641	24785642	17	21	23	16	15	16	22	13	9	16	11	18	15	30	15	28	29	17	11	16
chr14	24785656	24785657	20	18	23	18	15	16	22	13	8	17	17	19	20	30	16	28	27	17	11	18
chr14	24785661	24785662	14	12	14	6	2	6	9	8	5	10	9	11	12	24	10	11	17	11	6	11
chr14	24785676	24785677	4	5	6	7	7	4	9	1	4	5	6	6	4	3	4	7	7	4	2	3
chr14	24785694	24785695	19	21	23	17	17	15	22	13	8	17	16	19	18	28	16	28	27	16	12	16
chr14	24785703	24785704	15	21	21	17	17	15	22	10	8	15	15	16	20	23	16	26	22	15	11	18
chr14	24785712	24785713	11	13	14	8	5	9	10	9	5	11	11	12	13	19	9	14	16	11	7	13
chr14	24785714	24785715	10	9	10	3	4	5	8	8	4	8	8	10	9	20	9	11	18	8	5	11
chr14	24785718	24785719	8	2	4	1	0	2	5	1	1	6	5	2	2	15	8	3	4	5	1	7
chr14	24785724	24785725	3	4	0	6	1	5	6	1	1	4	0	9	0	4	5	5	2	3	0	9
chr14	24785727	24785728	6	14	2	9	2	9	11	3	2	7	5	14	3	7	6	5	4	8	2	11
chr14	24785737	24785738	13	21	8	15	8	12	20	6	3	15	9	18	8	12	7	12	7	22	3	14
chr14	24785741	24785742	12	20	8	15	8	12	18	6	3	15	9	18	8	11	6	12	7	18	3	14
chr14	24785744	24785745	13	22	8	15	8	12	20	6	3	13	9	18	6	12	7	10	6	22	3	15
chr14	24785748	24785749	14	22	8	15	8	12	19	6	3	14	9	19	8	12	7	12	7	20	3	15
chr14	24785757	24785758	14	22	8	15	8	12	20	6	3	14	7	19	8	11	7	12	7	22	1	12
chr14	24785760	24785761	13	16	8	15	8	12	17	6	3	15	8	18	8	12	7	12	7	21	3	12
chr14	24785829	24785830	13	20	8	14	8	12	20	6	2	15	8	19	8	12	7	12	7	22	3	15
chr14	24785838	24785839	14	20	8	15	8	12	20	6	3	14	9	18	8	12	7	12	7	22	3	15
chr14	24785844	24785845	14	22	8	15	7	12	20	6	3	14	9	18	8	10	7	12	7	20	3	15
chr14	24785847	24785848	14	22	8	15	8	12	19	5	3	15	9	19	8	11	7	12	7	17	3	14
chr14	24789739	24789740	0	0	0	0	0	0	0	0	0	0	0	0	0	0	0	0	0	0	0	0
chr14	24790499	24790500	0	0	0	0	0	0	1	0	0	0	0	0	0	0	0	1	0	0	0	0
chr14	24791310	24791311	13	13	10	16	17	13	14	5	11	12	16	11	9	14	8	6	6	19	17	8
chr14	24791325	24791326	6	7	4	6	8	7	5	1	6	5	6	7	3	7	4	4	2	9	6	0
chr14	24791414	24791415	14	12	12	16	19	10	12	5	9	12	12	12	11	10	8	7	5	14	12	13
chr14	24793719	24793720	10	12	14	3	8	6	10	1	1	12	7	2	2	13	8	7	8	8	7	4
chr14	24793995	24793996	8	6	3	3	5	2	13	4	2	6	13	2	4	7	5	3	1	4	2	12
chr14	24794012	24794013	0	0	0	1	0	0	1	0	0	1	0	1	3	2	1	1	1	0	0	0
chr14	24794034	24794035	1	0	0	1	1	0	1	0	0	1	2	1	3	4	1	1	1	0	0	0
chr14	24794054	24794055	0	0	0	0	0	0	0	0	0	0	0	0	0	0	0	0	0	0	0	0
chr14	24794189	24794190	1	0	1	1	1	1	1	1	0	2	1	1	3	4	1	1	1	0	0	0
chr14	24794205	24794206	0	0	0	0	0	0	0	0	0	0	0	0	0	0	0	0	0	0	0	0
chr14	24795868	24795869	0	0	0	0	1	0	0	0	0	0	0	0	0	0	0	0	0	0	0	0
chr14	24795956	24795957	0	0	0	0	0	0	0	0	0	0	0	0	0	0	0	0	0	0	0	0
chr14	24796042	24796043	0	0	0	0	0	0	0	0	0	0	0	0	0	0	0	0	0	0	0	1
chr14	24796051	24796052	0	0	0	0	0	0	0	0	0	0	0	0	0	0	0	0	0	0	0	1
chr14	24796089	24796090	0	0	1	0	0	0	0	0	0	0	0	0	0	0	0	0	1	0	0	0
chr14	24796188	24796189	0	0	0	0	0	0	0	0	0	0	0	0	0	0	0	0	0	0	0	1
chr14	24796249	24796250	0	0	0	0	0	0	0	0	0	0	0	0	0	0	0	0	0	0	0	0
chr14	24796259	24796260	0	0	0	0	0	0	0	0	0	1	0	0	0	0	0	0	0	0	0	0
chr14	24796299	24796300	0	0	0	0	0	0	0	0	0	0	0	0	0	0	0	0	0	0	0	0
chr14	24796311	24796312	0	0	0	0	0	0	0	0	0	0	0	0	0	0	0	0	0	0	0	0
chr14	24796392	24796393	0	0	0	0	0	0	0	0	0	0	0	0	0	1	0	0	0	0	0	0
chr14	24796550	24796551	5	2	2	7	4	3	7	2	5	7	5	7	7	8	6	9	4	5	8	5
chr14	24797326	24797327	0	0	0	0	0	0	0	0	0	0	0	0	0	0	0	0	0	0	0	0
chr14	24797332	24797333	0	0	0	0	0	0	0	0	0	0	0	0	0	0	0	0	0	0	0	0
chr14	24797350	24797351	0	0	0	0	0	0	0	0	0	0	0	0	0	0	0	0	0	0	0	0
chr14	24797354	24797355	0	0	0	0	0	0	0	0	0	0	0	0	0	0	0	0	0	0	0	0
chr14	24797364	24797365	0	0	0	0	0	0	0	0	0	0	0	0	0	0	0	0	0	0	0	0
chr14	24797379	24797380	0	0	0	0	0	0	0	0	0	0	0	0	0	0	0	0	0	0	0	0
chr14	24800690	24800691	0	0	0	0	0	0	0	0	1	0	0	0	0	0	0	0	0	0	0	0
chr14	24800930	24800931	0	0	0	0	0	0	0	0	0	0	0	0	0	0	0	0	0	0	0	0
chr14	24800958	24800959	0	0	0	0	0	0	0	0	1	0	0	0	0	0	0	0	0	0	0	0
chr14	24800963	24800964	0	0	0	0	0	0	0	0	1	0	0	0	0	0	0	0	0	0	0	0
chr14	24800986	24800987	0	0	0	2	0	0	2	0	0	0	0	1	0	3	0	0	0	0	2	1
chr14	24801008	24801009	0	0	0	2	0	0	2	1	0	0	0	3	0	2	1	2	0	0	0	2
chr14	24801019	24801020	0	0	0	1	0	0	0	0	1	0	0	2	0	0	2	3	0	0	0	1
chr14	24801022	24801023	0	0	0	1	0	0	0	1	1	0	0	2	0	0	2	3	0	0	0	1
chr14	24801025	24801026	0	0	0	0	1	0	0	1	1	0	0	2	0	0	0	1	0	0	0	0
chr14	24801052	24801053	0	0	0	0	0	0	0	0	0	0	0	1	0	0	0	0	0	0	0	0
chr14	24801057	24801058	7	6	0	5	4	8	4	0	3	12	4	3	3	6	1	1	5	2	2	2
chr14	24801064	24801065	15	14	11	11	12	24	14	7	6	24	16	11	10	30	9	12	15	16	11	15
chr14	24801071	24801072	17	14	8	12	12	24	20	11	8	27	18	13	12	32	13	13	16	15	14	12
chr14	24801073	24801074	15	14	10	10	13	24	21	12	7	26	18	12	11	34	14	12	16	16	12	15
chr14	24801084	24801085	17	15	11	12	13	21	19	12	7	22	16	11	12	33	17	12	18	16	14	15
chr14	24801171	24801172	9	7	10	5	7	14	16	11	4	12	10	7	4	26	6	7	11	8	6	9
chr14	24801173	24801174	6	3	8	3	4	13	5	9	4	6	8	3	3	16	3	6	7	6	3	4
chr14	24801191	24801192	3	1	4	2	6	6	2	0	6	3	3	2	4	1	1	2	0	2	0	2
chr14	24801513	24801514	0	0	0	0	0	0	0	0	0	0	0	0	0	0	0	0	0	0	0	0
chr14	24801518	24801519	0	0	0	0	0	0	0	0	0	0	0	0	0	0	0	0	0	0	0	0
chr14	24801529	24801530	0	0	0	0	0	0	0	0	0	0	0	0	0	0	0	0	0	0	0	0
chr14	24801719	24801720	0	0	0	0	0	0	0	0	0	0	0	0	0	0	0	0	0	0	0	1
chr14	24801731	24801732	0	0	0	1	0	0	1	0	0	0	0	0	0	0	1	0	0	0	0	0
chr14	24801747	24801748	0	0	0	1	0	0	0	0	0	0	1	0	0	0	0	0	0	0	0	2
chr14	24801778	24801779	2	6	0	1	0	5	0	1	0	2	0	1	1	2	1	1	2	0	1	2
chr14	24801794	24801795	1	6	0	0	0	2	0	0	4	2	0	1	1	8	1	1	2	1	0	3
chr14	24801912	24801913	0	1	0	0	0	0	0	0	0	0	0	0	0	0	0	0	0	0	0	0
chr14	24801952	24801953	0	4	0	0	1	0	0	0	2	0	0	0	1	0	2	2	0	0	0	0
chr14	24801964	24801965	5	7	6	2	2	0	1	0	1	3	2	0	0	0	1	1	1	5	1	3
chr14	24801970	24801971	8	10	7	9	4	3	3	6	3	11	7	1	2	9	11	8	6	10	15	7
chr14	24801978	24801979	12	12	5	12	8	8	3	8	6	11	9	8	1	6	4	11	2	8	12	8
chr14	24801985	24801986	7	9	0	4	2	5	3	3	2	3	4	0	3	3	3	8	5	2	5	5
chr14	24802008	24802009	3	3	0	2	1	2	1	0	0	2	3	0	0	1	1	3	1	1	4	0
chr14	24802017	24802018	2	0	0	0	0	0	0	0	0	0	0	0	0	0	0	0	0	0	0	0
chr14	24802038	24802039	3	6	1	1	0	3	2	0	0	0	2	6	2	0	2	1	3	1	4	0
chr14	24802048	24802049	0	3	1	0	0	0	0	0	0	1	0	1	1	0	0	0	0	0	1	0
chr14	24802057	24802058	4	2	3	3	0	1	0	1	0	1	0	1	0	1	0	0	0	0	1	0
chr14	24802059	24802060	3	2	2	2	0	1	0	0	2	0	1	1	1	1	0	0	0	0	0	0
chr14	24802074	24802075	1	2	0	2	1	1	4	0	0	1	7	1	0	1	1	1	2	0	1	1
chr14	24802085	24802086	1	3	0	2	0	4	0	0	0	1	1	0	1	1	1	1	0	0	1	0
chr14	24802087	24802088	1	5	1	3	1	1	1	0	0	0	0	0	0	1	0	1	0	0	0	0
chr14	24802094	24802095	1	0	0	2	0	0	1	0	0	0	1	0	1	1	1	1	0	0	1	0
chr14	24802103	24802104	0	0	0	0	0	0	0	0	0	0	0	0	0	0	0	0	1	0	0	0
chr14	24802112	24802113	1	0	0	0	0	0	0	0	0	0	0	0	0	0	0	0	0	0	0	0
chr14	24802119	24802120	2	7	3	0	0	9	2	2	4	1	1	1	1	0	4	6	0	2	2	5
chr14	24802135	24802136	2	8	2	7	3	7	3	0	6	4	0	3	4	0	4	2	0	4	11	3
chr14	24802143	24802144	4	11	4	7	5	3	4	2	6	3	0	1	3	2	6	1	1	5	10	6
chr14	24802150	24802151	2	7	3	7	4	1	0	0	4	4	0	2	0	0	3	2	0	1	7	4
chr14	24802152	24802153	1	11	1	3	4	6	3	2	5	3	1	3	0	0	9	2	0	2	7	4
chr14	24802241	24802242	0	3	0	3	1	1	1	1	0	2	0	1	0	2	0	0	0	0	0	5
chr14	24802487	24802488	9	4	4	9	7	2	4	0	3	3	12	1	4	7	9	14	0	8	1	7
chr14	24802489	24802490	8	1	4	6	2	2	4	0	4	3	5	2	6	3	9	15	0	7	0	1
chr14	24802495	24802496	5	2	0	7	4	1	1	0	0	1	7	0	3	2	2	6	0	2	3	0
chr14	24802551	24802552	0	3	0	2	0	0	0	0	0	1	0	0	0	0	0	0	0	1	0	0
chr14	24802575	24802576	0	0	0	0	0	0	0	0	0	0	0	0	0	0	0	0	0	0	0	0
chr14	24802583	24802584	0	0	1	0	0	0	1	0	0	0	0	0	1	0	0	0	1	0	0	0
chr14	24802714	24802715	0	0	0	0	0	0	0	0	0	0	0	0	0	0	0	0	0	0	0	0
chr14	24802894	24802895	0	0	0	0	0	0	0	0	0	0	0	0	0	0	0	0	0	0	0	0
chr14	24802928	24802929	0	0	0	0	0	0	0	0	0	0	0	0	0	0	0	0	0	0	0	0
chr14	24802973	24802974	0	0	0	0	0	0	0	0	0	0	0	0	0	0	0	1	0	1	0	0
chr14	24802976	24802977	0	0	0	0	0	0	0	0	0	0	0	0	0	0	0	0	0	0	0	0
chr14	24802978	24802979	1	0	0	0	0	0	0	0	0	0	0	0	0	0	0	0	0	0	0	0
chr14	24802986	24802987	0	1	0	0	0	0	0	0	0	0	0	0	0	0	0	0	0	0	0	0
chr14	24802990	24802991	0	0	0	0	0	0	0	1	0	0	0	0	0	0	0	0	0	0	0	0
chr14	24803004	24803005	0	1	0	0	0	0	0	0	0	0	0	0	0	0	0	0	0	0	0	0
chr14	24803092	24803093	0	0	0	0	0	0	0	0	0	0	0	0	0	0	0	0	0	0	0	0
chr14	24803121	24803122	1	0	1	0	0	0	0	0	0	0	0	1	0	0	0	0	0	0	0	1
chr14	24803131	24803132	0	0	0	0	0	0	0	0	0	0	0	0	0	0	0	0	0	0	0	0
chr14	24803152	24803153	0	0	0	0	0	0	0	0	0	0	0	0	0	0	0	0	0	0	0	0
chr14	24803154	24803155	0	0	0	0	0	0	0	0	0	0	0	0	0	0	0	0	0	0	0	0
chr14	24803158	24803159	0	0	4	1	0	0	0	1	0	1	0	0	0	0	0	1	0	0	0	0
chr14	24803443	24803444	0	0	0	0	3	2	0	0	0	1	1	0	0	2	4	1	3	0	2	0
chr14	24803452	24803453	1	0	0	0	0	0	1	0	0	2	2	1	1	2	0	1	0	0	1	0
chr14	24803489	24803490	0	0	0	0	0	0	0	0	0	0	0	0	0	0	0	0	0	0	0	0
chr14	24803723	24803724	0	0	0	0	0	0	0	0	1	0	0	0	0	0	0	0	0	0	0	0
chr14	24803730	24803731	0	0	0	0	0	0	0	0	0	0	0	0	0	0	0	0	0	0	0	0
chr14	24803733	24803734	0	0	0	0	0	0	0	0	0	0	0	0	0	0	0	0	0	0	0	0
chr14	24803735	24803736	0	0	0	0	0	0	0	0	0	0	0	0	0	0	0	0	0	0	0	0
chr14	24803739	24803740	0	0	0	0	0	0	0	0	0	0	0	0	0	0	0	0	0	0	0	0
chr14	24803750	24803751	0	0	0	0	0	0	0	0	0	0	0	0	0	0	0	0	0	0	0	0
chr14	24803807	24803808	0	0	0	4	0	0	0	0	0	0	0	0	0	0	0	0	0	0	0	0
chr14	24803822	24803823	0	0	0	0	0	0	0	0	0	0	0	0	0	0	0	0	0	0	0	0
chr14	24803832	24803833	0	0	0	0	0	0	0	0	0	0	0	0	0	0	0	0	0	0	0	0
chr14	24803836	24803837	3	6	4	4	3	4	2	10	3	2	1	6	4	7	5	2	8	6	6	5
chr14	24803851	24803852	1	2	1	0	0	1	2	0	1	1	1	0	2	2	0	3	1	1	1	1
chr14	24803873	24803874	0	1	0	0	0	0	0	1	0	0	0	0	0	0	0	0	0	0	0	0
chr14	24803880	24803881	3	1	4	4	1	3	4	7	1	4	4	7	3	5	1	5	3	4	7	1
chr14	24803925	24803926	0	1	0	0	0	0	0	0	0	1	0	0	0	0	0	0	0	4	0	0
chr14	24803951	24803952	1	0	0	0	0	0	0	0	0	4	0	0	1	1	2	0	0	0	0	0
chr14	24803961	24803962	0	1	0	0	0	0	2	0	0	3	0	0	0	1	1	1	0	3	0	0
chr14	24804022	24804023	0	0	0	0	0	0	0	0	0	0	0	0	0	0	0	0	0	0	0	0
chr14	24804035	24804036	0	0	0	0	0	0	0	0	0	0	0	0	0	0	0	0	0	0	0	0
chr14	24804048	24804049	0	0	0	0	0	0	0	0	0	0	0	0	0	0	0	0	0	0	0	0
chr14	24804124	24804125	0	0	2	1	0	0	1	1	1	0	2	2	2	4	0	7	2	5	0	1
chr14	24804153	24804154	0	0	0	0	0	1	2	0	3	0	2	0	1	1	2	2	2	3	2	0
chr14	24804181	24804182	1	2	0	1	1	1	0	0	1	2	2	3	4	2	0	1	0	1	3	0
chr14	24804194	24804195	1	0	1	0	0	0	0	0	3	1	0	1	1	1	0	0	2	2	3	0
chr14	24804196	24804197	0	0	0	0	0	0	0	0	0	0	2	1	0	0	0	0	0	2	0	4
chr14	24804199	24804200	1	5	1	1	1	2	2	3	1	2	1	2	1	2	2	0	0	2	0	0
chr14	24804205	24804206	3	4	0	0	1	3	2	2	6	1	4	0	2	1	2	0	5	6	0	0
chr14	24804210	24804211	1	2	1	2	1	0	5	4	8	5	4	2	4	1	3	4	2	3	0	3
chr14	24804238	24804239	0	0	0	0	0	0	0	0	0	0	0	0	0	0	0	0	0	0	0	0
chr14	24804252	24804253	2	4	0	2	0	4	3	1	0	3	3	1	6	2	0	5	0	1	1	2
chr14	24804260	24804261	0	4	0	2	3	0	3	2	4	1	3	0	0	2	1	4	3	0	2	1
chr14	24804264	24804265	3	2	2	0	1	2	1	3	0	5	6	1	2	0	2	2	0	0	1	2
chr14	24804267	24804268	5	4	0	1	0	1	1	1	3	3	8	0	3	4	3	3	5	1	0	1
chr14	24804272	24804273	4	4	0	2	3	0	1	2	3	2	8	2	6	5	1	4	0	1	2	1
chr14	24804290	24804291	0	0	0	0	0	0	0	0	0	0	0	0	0	0	0	0	0	0	0	0
chr14	24804294	24804295	0	0	0	0	0	0	0	0	0	0	0	0	0	0	0	0	0	0	0	0
chr14	24804301	24804302	0	0	0	0	0	0	0	0	0	0	0	0	0	0	0	0	0	0	0	0
chr14	24804312	24804313	3	0	0	1	3	0	0	0	2	0	0	0	0	0	0	0	1	0	5	1
chr14	24804315	24804316	0	0	0	0	1	0	0	0	0	0	0	0	0	0	0	0	0	0	0	0
chr14	24804318	24804319	0	0	0	0	0	0	0	0	0	0	0	0	0	0	0	0	0	0	0	0
chr14	24804320	24804321	0	0	0	0	0	0	0	0	0	0	0	0	0	0	0	0	0	0	0	0
chr14	24804339	24804340	0	0	0	1	0	0	0	0	0	0	0	0	0	0	0	0	0	0	0	0
chr14	24804342	24804343	0	0	0	0	0	0	0	0	0	0	1	0	0	0	0	0	1	0	0	0
chr14	24804352	24804353	2	1	3	0	2	0	0	4	2	0	4	1	2	3	1	0	3	1	5	4
chr14	24804395	24804396	0	0	0	2	0	0	0	0	0	0	0	0	1	1	0	0	3	0	1	0
chr14	24804532	24804533	0	0	0	0	0	0	0	0	0	0	0	0	0	0	0	0	0	0	0	0
chr14	24804551	24804552	0	0	0	0	0	0	0	0	0	0	0	0	0	0	0	0	0	0	0	0
chr14	24804557	24804558	0	0	0	0	0	0	0	0	2	0	0	0	0	0	0	0	0	0	0	0
chr14	24804630	24804631	3	0	1	3	0	1	4	0	1	0	4	3	1	3	4	0	0	0	2	0
chr14	24804651	24804652	4	1	1	3	1	5	9	0	3	0	4	2	3	4	7	2	5	1	5	1
chr14	24804697	24804698	8	10	7	0	3	9	4	0	3	2	13	1	10	4	6	8	2	5	4	0
chr14	24804711	24804712	9	10	6	0	4	10	7	0	4	3	14	2	10	4	7	7	4	7	4	0
chr14	24804826	24804827	0	0	0	0	0	0	0	0	0	0	0	0	0	0	0	0	0	4	0	0
chr14	24804855	24804856	0	0	0	0	0	0	0	0	0	0	0	0	0	0	0	0	0	2	0	0
chr14	24804898	24804899	9	9	10	0	5	11	7	0	3	3	9	2	9	5	6	10	4	14	4	0
chr14	24804984	24804985	1	0	0	0	0	0	0	0	0	0	0	0	0	0	0	0	0	0	0	0
chr14	24806394	24806395	0	1	0	0	0	0	0	0	0	0	0	0	0	0	0	0	0	0	0	0
chr14	24807166	24807167	0	0	0	0	0	2	0	0	0	0	0	0	0	0	0	0	0	0	0	0
chr14	24807220	24807221	3	0	0	3	1	3	0	0	0	2	0	0	1	1	2	1	3	4	0	0
chr14	24807226	24807227	3	0	0	3	1	3	0	0	1	2	0	1	1	1	3	2	3	4	0	0
chr14	24807238	24807239	1	0	0	3	1	1	0	0	1	0	0	1	1	1	1	2	2	4	0	0
chr14	24807616	24807617	3	9	4	3	4	6	7	5	4	3	5	4	3	2	1	4	4	1	5	4
chr14	24807635	24807636	18	17	14	11	15	23	12	9	7	6	13	7	12	17	11	10	12	13	13	10
chr14	24807658	24807659	2	2	6	3	6	14	6	2	1	3	1	2	3	7	9	1	3	4	3	4
chr14	24807665	24807666	21	13	13	23	14	16	15	19	16	21	15	23	26	12	20	26	17	29	17	28
chr14	24808116	24808117	2	0	1	2	3	5	1	0	0	1	0	0	0	1	3	0	0	1	4	1
chr14	24808157	24808158	2	9	5	6	4	1	5	6	6	2	2	2	1	8	1	11	4	3	3	4
chr14	24808226	24808227	3	3	4	8	5	2	3	6	9	3	3	2	8	1	8	5	9	6	2	6
chr14	24808250	24808251	22	18	19	20	15	16	22	25	14	15	9	6	23	15	20	21	28	16	9	11
chr14	24808295	24808296	19	13	8	16	9	15	26	10	15	19	7	12	9	16	8	21	13	15	10	10
chr14	24808336	24808337	0	0	0	0	0	0	0	0	1	0	0	0	0	0	0	0	0	0	0	0
chr14	24808347	24808348	0	0	0	0	0	0	0	0	1	0	0	0	0	0	0	0	0	0	0	0
chr14	24808357	24808358	0	0	0	0	0	0	0	0	1	0	0	0	0	0	0	0	0	0	0	0
chr14	24808383	24808384	21	16	11	22	14	17	24	13	22	22	8	12	9	20	10	17	13	18	10	16
chr14	24808394	24808395	22	15	11	22	11	16	22	12	23	22	7	12	8	16	11	17	12	14	12	13
chr14	24808454	24808455	13	24	15	9	11	18	14	28	17	13	15	15	17	25	11	22	11	14	22	18
chr14	24808524	24808525	18	20	14	10	14	20	14	27	22	19	15	17	22	29	12	22	14	20	26	18
chr14	24808556	24808557	7	3	3	0	3	3	4	2	4	6	3	2	4	2	0	5	4	6	3	3
chr14	24808567	24808568	0	1	0	3	0	2	5	2	0	1	5	6	3	1	5	2	3	0	2	1
chr14	24808587	24808588	9	5	5	7	2	7	4	6	4	6	2	7	3	5	5	3	2	7	0	3
chr14	24808636	24808637	6	3	11	9	8	10	9	12	16	7	6	6	6	7	9	4	4	5	7	8
chr14	24808662	24808663	0	3	0	3	0	2	2	4	0	4	1	2	0	0	1	1	2	2	1	6
chr14	24808670	24808671	1	7	0	1	0	4	4	4	5	4	4	4	11	1	5	0	3	2	4	7
chr14	24808680	24808681	9	13	5	10	6	7	4	7	7	13	4	8	7	8	7	12	8	4	6	14
chr14	24808688	24808689	2	2	0	0	3	3	0	0	2	3	0	2	1	1	3	3	0	0	1	2
chr14	24808710	24808711	3	1	0	0	0	0	2	0	4	1	0	2	2	4	3	0	4	0	1	1
chr14	24808727	24808728	0	0	0	1	0	0	0	0	0	0	0	1	0	0	0	1	1	2	0	2
chr14	24808733	24808734	0	0	0	0	0	0	0	0	0	0	1	2	2	1	0	0	0	0	0	0
chr14	24808742	24808743	1	0	0	0	1	0	0	1	0	0	0	1	0	0	0	0	0	0	0	0
chr14	24808745	24808746	0	0	0	0	0	0	0	0	0	2	0	0	0	0	0	0	0	0	0	0
chr14	24808787	24808788	0	0	0	0	0	0	0	0	0	1	0	0	0	0	0	0	0	0	0	0
chr14	24808796	24808797	0	0	0	0	0	1	1	0	0	0	0	0	0	0	0	0	1	0	0	0
chr14	24808819	24808820	0	0	1	0	0	0	0	0	0	0	0	1	0	3	0	0	1	1	0	2
chr14	24808834	24808835	1	0	1	0	0	0	0	0	0	0	0	0	0	0	1	0	0	0	0	0
chr14	24808839	24808840	0	0	0	1	0	0	0	0	0	0	0	0	0	0	0	0	0	0	0	0
chr14	24808849	24808850	0	0	1	0	2	0	0	1	0	0	0	0	0	0	0	0	0	0	0	0
chr14	24808859	24808860	1	1	0	1	0	0	1	0	0	0	0	0	0	2	0	0	0	0	0	0
chr14	24808861	24808862	0	0	0	2	0	0	0	0	0	1	0	0	0	0	0	0	0	0	0	0
chr14	24808874	24808875	0	0	0	0	0	0	0	0	0	0	0	0	0	2	0	0	0	0	0	0
chr14	24808877	24808878	0	0	0	0	1	0	0	0	1	3	0	0	0	0	0	0	0	0	0	0
chr14	24808905	24808906	1	0	0	0	0	0	0	0	0	0	0	0	0	0	0	0	0	0	0	0
chr14	24808908	24808909	0	0	0	0	0	0	0	0	0	0	0	0	0	0	0	0	0	0	0	0
chr14	24808918	24808919	0	0	0	0	0	0	0	0	0	0	0	0	0	0	0	0	0	0	0	0
chr14	24808924	24808925	0	0	0	0	0	0	0	0	0	0	0	0	0	0	0	0	0	0	0	0
chr14	24808936	24808937	0	0	2	0	0	0	0	0	0	0	0	0	0	0	0	0	0	0	0	0
chr14	24808947	24808948	0	0	2	0	0	0	0	0	0	0	0	0	0	0	0	0	0	0	0	0
chr14	24809162	24809163	0	0	2	0	0	0	0	0	0	0	0	0	0	0	0	0	0	0	0	0
chr14	24810213	24810214	0	0	0	0	0	0	0	0	1	0	0	0	0	0	0	0	0	0	0	0
chr14	24811282	24811283	0	0	0	0	0	0	0	0	0	0	0	0	0	0	0	0	0	0	0	0
chr14	24811289	24811290	0	0	0	0	0	0	0	0	0	0	0	0	0	0	0	0	0	0	0	0
chr14	24811299	24811300	0	0	1	0	0	0	1	0	0	0	0	0	0	0	0	0	0	0	0	0
chr14	24811427	24811428	0	0	0	0	0	0	0	0	0	0	0	0	0	0	0	0	0	0	0	0
chr14	24811488	24811489	0	1	0	0	0	0	1	0	0	1	1	0	0	0	0	0	0	0	0	0
chr14	24811520	24811521	0	0	0	0	0	0	0	0	3	0	0	0	0	0	0	0	0	0	0	0
chr14	24811555	24811556	0	0	0	0	0	0	0	0	1	0	0	0	0	0	0	0	0	0	0	0
chr14	24811586	24811587	0	0	1	0	0	0	0	0	0	0	0	0	0	0	0	0	0	0	0	0
chr14	24811656	24811657	0	2	0	0	0	0	0	0	1	0	0	0	0	0	0	0	0	0	0	1
chr14	24812012	24812013	0	0	0	0	0	0	0	0	0	0	2	0	0	0	1	0	1	0	0	0
chr14	24812021	24812022	0	0	0	0	0	0	0	0	0	0	0	0	0	0	0	0	0	0	0	0
chr14	24813742	24813743	0	0	0	0	2	0	0	0	0	0	0	0	0	0	0	0	0	0	0	0
chr14	24813818	24813819	0	0	0	0	0	0	0	0	0	0	0	0	0	0	0	0	0	0	0	1
chr14	24813923	24813924	6	3	2	6	6	10	3	4	5	5	2	5	14	4	5	4	1	3	3	2
chr14	24813961	24813962	3	3	8	10	6	5	10	1	1	11	4	8	3	1	4	7	4	2	2	6
chr14	24813963	24813964	3	3	2	9	4	5	9	1	1	10	3	7	3	2	3	7	5	2	2	5
chr14	24814896	24814897	0	0	0	0	0	1	0	0	0	0	0	0	0	0	0	1	0	0	0	0
chr14	24814958	24814959	0	0	0	0	0	0	0	0	0	0	0	0	0	0	0	0	0	0	0	0
chr14	24815030	24815031	0	0	0	0	0	0	0	0	1	0	0	0	0	0	0	0	0	0	0	0
chr14	24815378	24815379	0	0	0	1	0	0	2	0	0	0	0	0	0	0	0	0	0	0	0	0
chr14	24815613	24815614	0	0	0	0	0	0	0	0	0	0	0	0	0	0	0	0	0	0	0	0
chr14	24817013	24817014	0	0	0	0	0	0	0	0	0	2	0	0	0	0	0	0	0	0	0	0
chr14	24817045	24817046	0	0	0	0	0	0	0	0	1	0	0	0	0	0	0	0	0	0	0	0
chr14	24817143	24817144	0	0	0	0	0	0	0	0	1	0	0	0	0	0	0	0	0	0	0	0
chr14	24817341	24817342	1	0	0	0	0	0	0	0	0	0	0	0	0	0	0	0	0	0	0	0
